,Age,Gender,Treatment,BP_Before,BP_After,RecoveryDays,PainScore,Recovered,BP_Reduction
count,500.0,500.0,500.0,500.0,500.0,500.0,500.0,500.0,500.0
mean,52.834,0.496,1.042,159.352,134.248,5.662,3.066,0.672,25.104
std,15.992183837355533,0.5004847349718874,0.8182757177752497,11.95600217363445,15.506236898923321,2.229281361959851,1.525220178592708,0.4699550142629211,9.433512937006302
min,25.0,0.0,0.0,140.0,98.0,3.0,1.0,0.0,8.0
25%,40.0,0.0,0.0,149.0,122.0,4.0,2.0,0.0,18.0
50%,53.0,0.0,1.0,159.0,134.0,5.0,3.0,1.0,24.0
75%,66.0,1.0,2.0,170.0,146.0,7.0,4.0,1.0,32.0
max,80.0,1.0,2.0,180.0,172.0,13.0,7.0,1.0,45.0
