Test,P_Value
ANOVA_pvalue,9.903581061840873e-88
Ttest_pvalue,0.975770766219694
Ztest_pvalue,5.008494787640133e-29
Utest_pvalue,0.8954582329665143
ChiSquare_pvalue,4.1937106096124455e-19
